{"cameraMode":{"drawMode":0,"name":"Shaded","section":"Shading Mode"},"sceneLighting":true,"audioPlay":false,"sceneViewState":{"showFog":true,"showMaterialUpdate":false,"showSkybox":true,"showFlares":true,"showImageEffects":true,"showParticleSystems":true},"in2DMode":false,"pivot":{"x":-0.4850331246852875,"y":-0.5776888132095337,"z":0.3774838447570801},"rotation":{"x":-0.2350378781557083,"y":-0.02128841169178486,"z":0.005150539800524712,"w":-0.9717646241188049},"size":5.356773376464844,"orthographic":false}